experiment,run,git_commit,start_time,params.alarm_rule,params.alpha,params.colsample_bytree,params.design,params.enable_categorical,params.eval_year,params.features,params.learning_rate,params.max_depth,params.min_child_samples,params.min_child_weight,params.model,params.n_estimators,params.n_features,params.n_seeds,params.num_leaves,params.objective,params.split,params.subsample,params.subsample_freq,params.tolerance,params.train_years,params.tree_method,params.verbose,params.window,params.years,metrics.R_at_0.5pct,metrics.R_at_0.5pct_no_history,metrics.R_at_0_25pct,metrics.R_at_0_25pct_no_history,metrics.R_at_0_5pct,metrics.R_at_0_5pct_no_history,metrics.R_at_1pct,metrics.R_at_1pct_no_history,metrics.R_at_1pct_seed_std,metrics.R_at_2pct,metrics.R_at_2pct_no_history,metrics.R_at_5pct,metrics.R_at_5pct_no_history,metrics.expected_over_actual,metrics.lift_at_0.5pct,metrics.lift_at_0_25pct,metrics.lift_at_0_5pct,metrics.lift_at_1pct,metrics.lift_at_2pct,metrics.lift_at_5pct,metrics.pooled_R_at_0_25pct,metrics.pooled_R_at_0_5pct,metrics.pooled_R_at_1pct,metrics.pooled_R_at_2pct,metrics.pooled_R_at_5pct,metrics.pooled_lift_at_0_25pct,metrics.pooled_lift_at_0_5pct,metrics.pooled_lift_at_1pct,metrics.pooled_lift_at_2pct,metrics.pooled_lift_at_5pct,metrics.predicted_over_actual_raw,metrics.predicted_over_actual_recalibrated,metrics.top_decile_expected_over_actual
replacement-ranking,xgb-all-validation,183e7a24529aad7a509d07d1c1894c7b7752085f,2026-10-07 19:12:28.121000+00:00,,,0.8,,True,2016,all,0.03,4,,5,xgb,500,22,5,,count:poisson,validation,0.8,,,"[1996, 2001, 2006, 2011]",hist,,,,0.02903846153846154,0.044510385756676554,,,,,0.06403846153846153,0.06646884272997033,0.0021586484923695826,0.14,0.113946587537092,0.3161538461538461,0.3175074183976261,1.0742804506897345,5.807692307692308,,,6.403846153846155,7.0,6.323076923076924,,,,,,,,,,,,,1.0281034883320126
replacement-ranking,xgb-nearby-validation,183e7a24529aad7a509d07d1c1894c7b7752085f,2026-10-07 19:12:00.558000+00:00,,,0.8,,True,2016,nearby,0.03,4,,5,xgb,500,14,5,,count:poisson,validation,0.8,,,"[1996, 2001, 2006, 2011]",hist,,,,0.03076923076923077,0.04154302670623145,,,,,0.07442307692307691,0.06587537091988131,0.002477711293600987,0.14134615384615384,0.10979228486646883,0.3082692307692308,0.31810089020771515,1.0623663648315889,6.153846153846154,,,7.442307692307692,7.067307692307692,6.165384615384616,,,,,,,,,,,,,1.0053022667095626
replacement-ranking,xgb-base-validation,183e7a24529aad7a509d07d1c1894c7b7752085f,2026-10-07 19:11:29.357000+00:00,,,0.8,,True,2016,base,0.03,4,,5,xgb,500,8,5,,count:poisson,validation,0.8,,,"[1996, 2001, 2006, 2011]",hist,,,,0.037884615384615385,0.027893175074183974,,,,,0.08134615384615383,0.05222551928783383,0.002323662687229727,0.14019230769230767,0.13471810089020772,0.3051923076923077,0.32462908011869435,1.0686329977044111,7.5769230769230775,,,8.134615384615383,7.009615384615384,6.1038461538461535,,,,,,,,,,,,,1.0081961598691649
replacement-ranking,lgbm-all-validation,183e7a24529aad7a509d07d1c1894c7b7752085f,2026-10-07 19:10:54.653000+00:00,,,0.8,,,2016,all,0.03,,50,,lgbm,500,22,5,15,poisson,validation,0.8,1,,"[1996, 2001, 2006, 2011]",,-1,,,0.029807692307692306,0.03560830860534125,,,,,0.0696153846153846,0.07062314540059347,0.004925480182640654,0.14019230769230767,0.1258160237388724,0.30923076923076925,0.314540059347181,1.0475505485891763,5.961538461538462,,,6.961538461538462,7.009615384615384,6.184615384615385,,,,,,,,,,,,,1.0086242805592176
replacement-ranking,lgbm-nearby-validation,183e7a24529aad7a509d07d1c1894c7b7752085f,2026-10-07 19:10:26.329000+00:00,,,0.8,,,2016,nearby,0.03,,50,,lgbm,500,14,5,15,poisson,validation,0.8,1,,"[1996, 2001, 2006, 2011]",,-1,,,0.030000000000000006,0.04332344213649851,,,,,0.07596153846153847,0.07181008902077153,0.0036487819155788972,0.13903846153846153,0.12403560830860534,0.31134615384615383,0.313353115727003,1.03192749932394,6.0,,,7.596153846153847,6.9519230769230775,6.226923076923077,,,,,,,,,,,,,0.9880062059932673
replacement-ranking,lgbm-base-validation,183e7a24529aad7a509d07d1c1894c7b7752085f,2026-10-07 19:10:02.956000+00:00,,,0.8,,,2016,base,0.03,,50,,lgbm,500,8,5,15,poisson,validation,0.8,1,,"[1996, 2001, 2006, 2011]",,-1,,,0.037884615384615385,0.02373887240356083,,,,,0.0775,0.04747774480712166,0.003728984505704867,0.14269230769230767,0.13887240356083086,0.3034615384615385,0.32166172106824925,1.0421340362658256,7.5769230769230775,,,7.75,7.134615384615384,6.069230769230769,,,,,,,,,,,,,0.9822256830785433
replacement-ranking,glm-all-validation,183e7a24529aad7a509d07d1c1894c7b7752085f,2026-10-07 19:09:56.858000+00:00,,0.001,,,,2016,all,,,,,glm,,22,1,,,validation,,,,"[1996, 2001, 2006, 2011]",,,,,0.028846153846153848,0.03560830860534125,,,,,0.07403846153846154,0.0830860534124629,0.0,0.13846153846153847,0.1632047477744807,0.28076923076923077,0.32344213649851633,1.232223192374141,5.769230769230769,,,7.403846153846154,6.923076923076923,5.615384615384615,,,,,,,,,,,,,1.196008511381998
replacement-ranking,glm-nearby-validation,183e7a24529aad7a509d07d1c1894c7b7752085f,2026-10-07 19:09:51.359000+00:00,,0.001,,,,2016,nearby,,,,,glm,,14,1,,,validation,,,,"[1996, 2001, 2006, 2011]",,,,,0.035576923076923075,0.02967359050445104,,,,,0.07019230769230769,0.0771513353115727,0.0,0.1423076923076923,0.1513353115727003,0.29423076923076924,0.3264094955489614,1.2270236767153524,7.115384615384615,,,7.019230769230769,7.115384615384615,5.884615384615384,,,,,,,,,,,,,1.1696256789098227
replacement-ranking,glm-base-validation,183e7a24529aad7a509d07d1c1894c7b7752085f,2026-10-07 19:09:45.945000+00:00,,0.001,,,,2016,base,,,,,glm,,8,1,,,validation,,,,"[1996, 2001, 2006, 2011]",,,,,0.041346153846153845,0.02967359050445104,,,,,0.06923076923076923,0.05934718100890208,0.0,0.12692307692307692,0.10089020771513353,0.27692307692307694,0.258160237388724,1.3226253831846444,8.269230769230768,,,6.923076923076923,6.346153846153846,5.538461538461538,,,,,,,,,,,,,1.2633035338821337
replacement-ranking,iforest-base-validation,183e7a24529aad7a509d07d1c1894c7b7752085f,2026-10-07 19:09:35.578000+00:00,,,,,,2016,base,,,,,iforest,300,8,5,,,validation,,,,"[1996, 2001, 2006, 2011]",,,,,0.03365384615384615,0.0011869436201780415,,,,,0.06076923076923078,0.002967359050445104,0.0018644922528524303,0.10865384615384614,0.006528189910979229,0.22365384615384615,0.01661721068249258,,6.730769230769231,,,6.076923076923076,5.432692307692308,4.473076923076922,,,,,,,,,,,,,
replacement-ranking,rule-base-validation,183e7a24529aad7a509d07d1c1894c7b7752085f,2026-10-07 19:09:31.283000+00:00,,,,,,2016,base,,,,,rule,,8,1,,,validation,,,,"[1996, 2001, 2006, 2011]",,,,,0.03461538461538462,0.005934718100890208,,,,,0.06538461538461539,0.008902077151335312,0.0,0.1201923076923077,0.020771513353115726,0.28173076923076923,0.05934718100890208,,6.923076923076923,,,6.538461538461538,6.009615384615385,5.634615384615384,,,,,,,,,,,,,
design-comparison,annual-wall-lgbm-nearby-test,628beec04366536d2a52c1fcbd87a568b468b343,2026-10-08 06:29:14.794000+00:00,,,,annual,,,nearby,,,,,lgbm,,,3,,,test,,,,,,,all,"[2021, 2022, 2023, 2024, 2025]",,,0.03260552595623457,0.04724053573480137,0.05881557025344393,0.06130035952455486,0.0952440573972041,0.11794204076298047,,0.18424560732269696,0.16332736760779676,0.36722924449921635,0.3392656624010675,,,13.042210382493826,11.763114050688783,9.524405739720411,9.212280366134845,7.344584889984327,0.03352826510721248,0.06042884990253411,0.09668615984405458,0.1844054580896686,0.3656920077972709,13.41130604288499,12.085769980506821,9.668615984405458,9.22027290448343,7.313840155945417,1.1920383998104227,1.025042667390592,
design-comparison,annual-wall-rule-nearby-test,628beec04366536d2a52c1fcbd87a568b468b343,2026-10-08 06:20:37.043000+00:00,,,,annual,,,nearby,,,,,rule,,,1,,,test,,,,,,,all,"[2021, 2022, 2023, 2024, 2025]",,,0.016857538517904565,0.0,0.043804366067093606,0.008703703703703703,0.07856629400986322,0.020250544662309366,,0.1648261639493508,0.04820210845183098,0.35596097586804865,0.09495407129147418,,,6.743015407161826,8.76087321341872,7.856629400986323,8.24130819746754,7.119219517360972,0.016374269005847954,0.044444444444444446,0.07953216374269007,0.1649122807017544,0.3532163742690059,6.549707602339182,8.88888888888889,7.953216374269006,8.24561403508772,7.064327485380117,,,
design-comparison,annual-wall-lgbm-nearby-validation,628beec04366536d2a52c1fcbd87a568b468b343,2026-10-07 19:46:35.613000+00:00,,,,annual,,,nearby,,,,,lgbm,,,3,,,validation,,,,,,,all,"[2016, 2017, 2018, 2019, 2020]",,,0.020485648394064738,0.021829691644489335,0.03595517734769708,0.04351571640880897,0.07030409783511155,0.09162120723038017,,0.15231545786659986,0.14037766214065076,0.31939958892500514,0.34130273205978945,,,8.194259357625894,7.191035469539415,7.030409783511155,7.615772893329994,6.387991778500103,0.020473448496481125,0.03582853486884197,0.07037747920665387,0.1525911708253359,0.32021753039027506,8.18937939859245,7.165706973768394,7.037747920665387,7.629558541266795,6.404350607805501,1.040900660742533,0.958524277548037,
design-comparison,annual-wall-lgbm-nearby-validation,aca8b223937e92b7b6c415620c0b542a0d369e5e,2026-10-07 19:39:47.733000+00:00,,,,annual,,,nearby,,,,,lgbm,,,3,,,validation,,,,,,,all,"[2016, 2017, 2018, 2019, 2020]",,,0.02103049706969606,0.026121515855733368,0.035370521001909724,0.04487373683487341,0.07296782646287889,0.09148122669291478,,0.1560177001879189,0.14919727262576102,0.31844229165971066,0.3357200375702113,,,8.412198827878424,7.074104200381944,7.296782646287889,7.800885009395945,6.368845833194213,0.02111324376199616,0.035188739603326934,0.07293666026871401,0.1561100447856686,0.31957773512476,8.445297504798464,7.037747920665387,7.293666026871401,7.805502239283429,6.3915547024952,166.86015043702707,166.6978001473107,
design-comparison,annual-wall-rule-nearby-validation,aca8b223937e92b7b6c415620c0b542a0d369e5e,2026-10-07 19:36:09.711000+00:00,,,,annual,,,nearby,,,,,rule,,,1,,,validation,,,,,,,all,"[2016, 2017, 2018, 2019, 2020]",,,0.015484296047367025,0.003076923076923077,0.0337724873630853,0.006018099547511312,0.06458128415040894,0.008757825574908572,,0.1218419689939696,0.02084898448315048,0.28933352458322814,0.05424730357862021,,,6.19371841894681,6.754497472617059,6.4581284150408935,6.09209844969848,5.786670491664563,0.015355086372360844,0.03358925143953935,0.06429942418426103,0.1218809980806142,0.2888675623800384,6.142034548944338,6.717850287907869,6.429942418426103,6.09404990403071,5.777351247600768,,,
design-comparison,annual-wall-lgbm-nearby-validation,d87bdaf785ac7a745caf58d7d36e5e5dbe28310d,2026-10-07 19:31:43.269000+00:00,,,,annual,,,nearby,,,,,lgbm,,,3,,,validation,,,,,,,all,"[2016, 2017, 2018, 2019, 2020]",,,0.02103049706969606,0.026121515855733368,0.035370521001909724,0.04487373683487341,0.07296782646287889,0.09148122669291478,,0.1560177001879189,0.14919727262576102,0.31844229165971066,0.3357200375702113,,,8.412198827878424,7.074104200381944,7.296782646287889,7.800885009395945,6.368845833194213,,,,,,,,,,,,,
design-comparison,annual-w4-lgbm-nearby-validation,d87bdaf785ac7a745caf58d7d36e5e5dbe28310d,2026-10-07 19:28:25.389000+00:00,,,,annual,,,nearby,,,,,lgbm,,,3,,,validation,,,,,,,4,"[2016, 2017, 2018, 2019, 2020]",,,0.016605355809802064,0.021571841851494696,0.03262262625751357,0.039794024331216704,0.06894865012352307,0.08061918250806112,,0.1380392601394953,0.15954441320367793,0.30947845217857317,0.32181478820690984,,,6.642142323920827,6.5245252515027135,6.894865012352307,6.901963006974766,6.189569043571464,,,,,,,,,,,,,
design-comparison,five_year-lgbm-nearby-validation,d87bdaf785ac7a745caf58d7d36e5e5dbe28310d,2026-10-07 19:27:18.301000+00:00,,,,five_year,,,nearby,,,,,lgbm,,,3,,,validation,,,,,,,n/a,"[2016, 2017, 2018, 2019, 2020]",,,0.014770099054568475,0.018222077478229973,0.0287528665701046,0.04528779497657055,0.07783661710962317,0.07502574399484611,,0.1422611573351101,0.12848892804428397,0.3138857014944178,0.32886979781115916,,,5.908039621827389,5.7505733140209205,7.783661710962316,7.113057866755506,6.277714029888355,,,,,,,,,,,,,
design-comparison,annual-w4-rule-nearby-validation,d87bdaf785ac7a745caf58d7d36e5e5dbe28310d,2026-10-07 19:25:59.089000+00:00,,,,annual,,,nearby,,,,,rule,,,1,,,validation,,,,,,,4,"[2016, 2017, 2018, 2019, 2020]",,,0.015484296047367025,0.003076923076923077,0.0337724873630853,0.006018099547511312,0.06458128415040894,0.008757825574908572,,0.1218419689939696,0.02084898448315048,0.28933352458322814,0.05424730357862021,,,6.19371841894681,6.754497472617059,6.4581284150408935,6.09209844969848,5.786670491664563,,,,,,,,,,,,,
design-comparison,five_year-rule-nearby-validation,d87bdaf785ac7a745caf58d7d36e5e5dbe28310d,2026-10-07 19:25:53.395000+00:00,,,,five_year,,,nearby,,,,,rule,,,1,,,validation,,,,,,,n/a,"[2016, 2017, 2018, 2019, 2020]",,,0.01826883584915352,0.003076923076923077,0.03463085646179775,0.006018099547511312,0.06518075919568467,0.008757825574908572,,0.11981506507743322,0.02084898448315048,0.2861815670862693,0.057324226655543285,,,7.307534339661407,6.92617129235955,6.518075919568465,5.990753253871661,5.723631341725385,,,,,,,,,,,,,
monitoring,calibration-monitor-2016-2025,ecbb1d0e2449575761121dec502515ee75e8c4f3,2026-10-09 06:47:25.942000+00:00,outside tolerance two years running,,,,,,,,,,,,,,,,,,,,0.15,,,,,,,,,,,,,,,,,,,,,,,,,,,,,,,,,,,,,,
monitoring,feature-drift-2016-20-vs-2021-25,03802c2c2933e00ca3cb639c09318fae86c356b3,2026-10-09 06:34:22.237000+00:00,,,,,,,,,,,,,,,,,,,,,,,,,,,,,,,,,,,,,,,,,,,,,,,,,,,,,,,,,,,
