rank,globalid,material,install_year,diameter,length,breaks_all,nearby_150m_10y,rate_per_km_yr,expected_breaks,top_reasons
1,e55ca1ac-51aa-4aca-ad04-55df8f27093b,CI,1967,200,34.1499,2.0,3.0,0.5104,0.0174,material x4.89; breaks_per_km x1.83; nearby_300m_decay x1.37
2,3a113387-4308-47c3-b16c-0c0aa4f65799,CI,1960,150,153.7943,9.0,1.0,0.4685,0.0721,material x5.74; breaks_per_km x2.01; years_since_break x1.45
3,0cc70d60-88d8-43cf-8726-d346a67945f5,CI,1964,150,11.322,2.0,2.0,0.4671,0.0053,material x4.90; breaks_per_km x1.81; log_length x1.41
4,89ed8c6a-b980-4123-9510-1de539e5679b,CI,1958,150,35.4997,2.0,5.0,0.4655,0.0165,material x4.68; breaks_per_km x1.92; log_length x1.34
5,42bb6009-3cdb-4fb2-b10e-329ac5901024,CI,1957,150,31.8178,1.0,4.0,0.4391,0.014,material x4.92; breaks_per_km x1.83; nearby_300m_decay x1.37
6,6ed0a6c1-f65a-4c4b-925b-13942bd14e55,CI,1964,200,35.1186,1.0,2.0,0.4337,0.0152,material x4.92; breaks_per_km x1.85; log_length x1.37
7,78c2f597-a0b6-4ae2-ab5e-df0bfbd8dfdd,YDI,1979,150,190.5149,8.0,4.0,0.4334,0.0826,material x3.64; breaks_per_km x2.02; years_since_break x1.44
8,2daacb7e-64a3-4558-8e0c-c02aebcdd0a1,CI,1957,100,91.4379,4.0,2.0,0.4283,0.0392,material x6.18; breaks_per_km x1.95; years_since_break x1.40
9,5572b89b-b216-43cb-9c41-197ce4298f8f,CI,1958,150,32.8588,5.0,0.0,0.4272,0.014,material x5.66; breaks_per_km x1.94; nearby_300m_decay x1.31
10,dc0a518a-51f9-469c-b901-25eba7badedf,YDI,1976,150,83.1817,4.0,9.0,0.4254,0.0354,material x3.55; breaks_per_km x2.01; nearby_150m_decay x1.40
11,23488fe0-c0bf-4333-bb46-f175ac56fc7f,CI,1958,150,33.1622,2.0,4.0,0.4251,0.0141,material x4.77; breaks_per_km x1.90; log_length x1.36
12,db8e4dc2-725e-493b-abb0-0702dd85c410,TUDI,1976,150,146.3419,12.0,7.0,0.4224,0.0618,material x5.31; breaks_per_km x1.86; nearby_300m_decay x1.33
13,de2377cf-1a91-4bd4-a406-06985a74d478,CI,1963,150,135.6415,5.0,6.0,0.4216,0.0572,material x5.58; breaks_per_km x1.88; nearby_300m_decay x1.40
14,9ae0d156-b111-4af0-8484-506a80d8f623,CI,1967,200,54.3925,3.0,5.0,0.4188,0.0228,material x5.65; breaks_per_km x1.78; nearby_300m_decay x1.40
15,4de70fb0-ea54-4eb3-867c-1c3b540b0d9d,CI,1955,150,11.1008,1.0,4.0,0.416,0.0046,material x4.53; breaks_per_km x1.84; log_length x1.39
16,a75c0517-3241-489e-afee-789df275ecb1,YDI,1979,150,157.3945,6.0,3.0,0.4131,0.065,material x3.57; breaks_per_km x2.03; years_since_break x1.46
17,d33d5c07-3baf-4f6e-be73-e10d151be159,CI,1959,200,22.3511,1.0,10.0,0.4116,0.0092,material x4.68; breaks_per_km x1.80; nearby_300m_decay x1.42
18,20bc69dc-f1c4-434a-af47-f5bb22888117,CI,1959,200,40.5624,3.0,9.0,0.4113,0.0167,material x4.80; breaks_per_km x1.81; nearby_300m_decay x1.39
19,5762f72e-cf56-42a2-ab1d-16885caf2dd8,PDI,1972,150,32.51,3.0,8.0,0.4109,0.0134,material x4.17; breaks_per_km x1.94; nearby_300m_decay x1.41
20,9b372d3b-15aa-497f-9033-6c6d43517ad5,CI,1963,200,67.7739,3.0,2.0,0.4108,0.0278,material x5.39; breaks_per_km x1.99; years_since_break x1.38
21,5d861c56-0985-4975-9fdd-77ddb5231f34,CI,1959,150,29.0145,1.0,0.0,0.4091,0.0119,material x5.67; breaks_per_km x2.01; years_since_break x1.33
22,4c77bbb1-10cb-4b4b-89e7-b411eb7a374c,CI,1964,150,92.3899,4.0,2.0,0.4049,0.0374,material x5.27; breaks_per_km x1.95; years_since_break x1.37
23,0fe488c6-12d4-416b-974d-c9e809973334,CI,1958,100,84.6469,3.0,3.0,0.3997,0.0338,material x5.36; breaks_per_km x1.92; years_since_break x1.31
24,8dcc222a-6db4-40b9-9f4a-575acf9dcab8,CI,1959,150,50.0887,2.0,10.0,0.3992,0.02,material x4.89; breaks_per_km x1.77; nearby_300m_decay x1.48
25,5b6bcdfc-92fa-427b-96db-139fa4892747,CI,1959,150,10.8349,1.0,0.0,0.3984,0.0043,material x5.72; breaks_per_km x1.99; years_since_break x1.38
26,397d754d-3911-42b5-9e72-d42db8f7dff0,CI,1964,150,49.1642,3.0,1.0,0.3981,0.0196,material x4.88; breaks_per_km x1.92; years_since_break x1.32
27,5b25f1e8-cf67-443d-8bba-f05da767676d,CI,1964,150,89.9798,7.0,3.0,0.3958,0.0356,material x5.44; breaks_per_km x1.94; years_since_break x1.36
28,7b8979a6-1dc7-42b3-8ae8-cef3b8dc9838,CI,1957,150,22.0303,1.0,0.0,0.3952,0.0087,material x5.85; breaks_per_km x1.94; nearby_300m_decay x1.34
29,96ad9441-6bda-4920-b52b-7ea430db0c7c,CI,1961,200,41.3245,3.0,4.0,0.3948,0.0163,material x4.98; breaks_per_km x1.97; nearby_300m_decay x1.34
30,0dd4b8ad-10cd-4a52-9722-046db132df9c,PDI,1972,200,75.3016,3.0,3.0,0.3947,0.0297,material x4.63; breaks_per_km x1.95; nearby_300m_decay x1.45
31,069c88e5-5fc5-46fe-9d4c-7e339b3cf099,CI,1965,150,139.0702,4.0,3.0,0.3938,0.0548,material x5.71; breaks_per_km x1.77; nearby_300m_decay x1.42
32,889ea1e9-8811-4c65-a951-79eb5173ecaf,CI,1958,150,46.6867,2.0,6.0,0.3929,0.0183,material x5.03; breaks_per_km x1.96; years_since_break x1.33
33,69580570-59b6-4b27-a2d6-87d60aa0568a,CI,1954,100,15.6837,1.0,3.0,0.3911,0.0061,material x4.98; breaks_per_km x1.76; nearby_300m_decay x1.39
34,28244260-9e17-4040-adbc-c980738f39b5,CI,1960,150,117.9883,5.0,6.0,0.3906,0.0461,material x5.47; breaks_per_km x1.90; nearby_300m_decay x1.36
35,114b8814-f66f-440b-97a8-f0bab154f0c0,PDI,1971,250,54.7724,4.0,9.0,0.389,0.0213,material x4.64; breaks_per_km x1.82; nearby_300m_decay x1.41
36,a4e3af56-b5a0-45de-ae5e-b64d880536ed,CI,1959,200,10.9553,1.0,2.0,0.3885,0.0043,material x5.40; breaks_per_km x1.79; nearby_300m_decay x1.42
37,073e16dc-88a1-45ce-a3bb-97306850b958,CI,1959,150,57.2673,3.0,3.0,0.3863,0.0221,material x5.23; breaks_per_km x1.95; nearby_300m_decay x1.35
38,0762a10a-defd-4951-865b-6e5ad47947b3,YDI,1979,150,97.0509,3.0,5.0,0.3849,0.0374,material x3.50; breaks_per_km x1.98; years_since_break x1.41
39,e4a73328-f855-440f-b972-61560f1b179e,CI,1958,200,36.275,1.0,2.0,0.3841,0.0139,material x5.43; breaks_per_km x1.79; nearby_300m_decay x1.36
40,aad72d60-967b-41db-9052-5aebbba70930,CI,1961,150,87.6371,3.0,6.0,0.3838,0.0336,material x5.26; breaks_per_km x1.95; nearby_300m_decay x1.37
41,d68e2725-510a-4111-8a5d-edbc0d02c488,CI,1957,150,51.1673,4.0,3.0,0.3817,0.0195,material x4.86; breaks_per_km x1.92; years_since_break x1.36
42,6c26d9fb-9c92-476b-9bf5-917d7f814960,TUDI,1976,150,133.2512,2.0,6.0,0.3808,0.0507,material x5.55; breaks_per_km x1.66; nearby_300m_decay x1.39
43,475c9b3f-59cb-4dec-bc1c-76d6f0c9cf35,CI,1958,200,66.9454,4.0,2.0,0.3802,0.0255,material x5.47; breaks_per_km x1.93; nearby_300m_decay x1.38
44,12e0bf3f-8aff-481d-9065-6720d3a5feeb,CI,1963,200,140.7712,4.0,3.0,0.3801,0.0535,material x5.40; breaks_per_km x1.76; nearby_300m_decay x1.37
45,d5674d12-92f8-453c-9c2e-cd5e36ec249b,TUDI,1976,150,47.9796,1.0,7.0,0.3797,0.0182,material x4.95; breaks_per_km x1.67; nearby_300m_decay x1.40
46,d156b1b3-d227-444d-8ee8-1c1701df697b,CI,1960,150,22.014,1.0,1.0,0.3795,0.0084,material x4.76; breaks_per_km x1.91; log_length x1.33
47,dcb49e04-cecf-42af-8de9-61d763992f3b,CI,1959,150,38.6153,2.0,3.0,0.379,0.0146,material x5.04; breaks_per_km x2.00; years_since_break x1.33
48,195fdcc8-9a3a-44ff-9a7d-07f7864a162f,PDI,1971,150,35.4764,2.0,1.0,0.3785,0.0134,material x4.57; breaks_per_km x1.97; years_since_break x1.40
49,4aef4f73-d84e-4a25-b605-fb9a1d40939d,DI,1967,150,13.6067,2.0,4.0,0.3782,0.0051,material x4.22; breaks_per_km x1.78; nearby_300m_decay x1.45
50,b2857d5b-5c20-4123-91e2-88bdff442f9a,CI,1959,150,41.1675,2.0,3.0,0.3779,0.0156,material x5.26; breaks_per_km x1.96; nearby_300m_decay x1.33
51,ee01e212-8c63-4541-85cb-501f39cc138d,PDI,1972,250,42.9248,3.0,4.0,0.375,0.0161,material x4.12; breaks_per_km x1.94; years_since_break x1.44
52,a8d4a109-5d48-400f-b6f2-659f06fdf689,CI,1965,200,169.5474,7.0,2.0,0.375,0.0636,material x5.55; breaks_per_km x1.83; nearby_300m_decay x1.39
53,cbe2bb24-b135-49d7-ae3c-4915b6580781,CI,1959,150,93.6331,6.0,9.0,0.3745,0.0351,material x5.12; breaks_per_km x1.90; nearby_300m_decay x1.39
54,41a6d261-2f77-4988-81d5-912107eb41e7,CI,1958,150,35.2181,2.0,1.0,0.3742,0.0132,material x5.33; breaks_per_km x1.96; years_since_break x1.33
55,fc766e4c-f2bb-41c9-9411-cec59156fcf9,CI,1958,150,57.2399,3.0,1.0,0.3738,0.0214,material x5.85; breaks_per_km x1.91; nearby_300m_decay x1.37
56,62042c9c-6e57-4a79-aefa-b3c23053f6ef,CI,1959,200,59.8511,2.0,3.0,0.3731,0.0223,material x5.55; breaks_per_km x1.96; years_since_break x1.39
57,795c3408-1774-42f4-8eb5-a7740962723f,CI,1963,200,105.4064,3.0,4.0,0.371,0.0391,material x5.18; breaks_per_km x1.85; years_since_break x1.34
58,b1433454-9345-4849-9213-c86b85b93070,CI,1958,100,115.4187,4.0,5.0,0.3707,0.0428,material x5.37; breaks_per_km x1.89; years_since_break x1.32
59,5f94c4de-52d4-496c-a6d5-0dab0713da5d,PDI,1972,250,37.1106,2.0,4.0,0.3707,0.0138,material x4.13; breaks_per_km x1.92; nearby_300m_decay x1.45
60,c101ee21-4a1c-4660-b303-3bdc0f693a79,PDI,1971,300,35.9442,3.0,0.0,0.3707,0.0133,material x4.72; breaks_per_km x1.94; years_since_break x1.40
61,4f2e05bd-8060-4368-81c0-5dd66b30e8c3,CI,1966,150,124.6747,8.0,0.0,0.3703,0.0462,material x5.90; breaks_per_km x1.99; years_since_break x1.31
62,bf35352a-ad68-4413-8149-793796326240,CI,1959,150,208.5365,6.0,12.0,0.3701,0.0772,material x5.01; breaks_per_km x1.85; nearby_300m_decay x1.39
63,94756cb6-0b4f-4cdd-8a90-a2971443ce7d,PDI,1972,200,93.636,5.0,5.0,0.37,0.0346,material x4.51; breaks_per_km x1.87; nearby_300m_decay x1.42
64,15ee7af9-93c3-410e-824d-fff30ad21f89,PDI,1972,250,86.3016,4.0,11.0,0.3697,0.0319,material x4.73; breaks_per_km x1.78; nearby_300m_decay x1.48
65,ec8786bd-d047-4c8a-8869-a5817b0b4ee3,CI,1963,250,94.4689,4.0,6.0,0.3691,0.0349,material x5.37; breaks_per_km x1.93; years_since_break x1.40
66,0914df26-e164-4792-b19f-88d899de0a7e,CI,1958,150,84.1176,3.0,1.0,0.3683,0.031,material x5.28; breaks_per_km x2.02; years_since_break x1.37
67,b7a3ce74-4f87-4bde-87e9-4f330836b24f,CI,1961,150,115.4863,8.0,4.0,0.3678,0.0425,material x5.13; breaks_per_km x2.00; years_since_break x1.37
68,84dbf730-71d3-42a0-94aa-9225203729e6,CI,1960,150,56.4075,2.0,1.0,0.3672,0.0207,material x5.78; breaks_per_km x2.02; years_since_break x1.33
69,dbc22e33-65ac-483e-939e-146958d82fa2,CI,1957,150,41.1591,2.0,1.0,0.3664,0.0151,material x5.92; breaks_per_km x1.90; nearby_300m_decay x1.41
70,c68e07fd-0ed1-4538-8617-b21d859f66b6,CI,1963,200,92.7511,3.0,3.0,0.3655,0.0339,material x5.23; breaks_per_km x1.88; nearby_300m_decay x1.34
71,48472a74-5b5d-4a01-975f-7188660866bb,YDI,1976,200,127.0935,5.0,4.0,0.3652,0.0464,material x3.48; breaks_per_km x2.01; years_since_break x1.40
72,92585784-8070-404b-8b88-b25926bb4545,CI,1958,150,53.4124,3.0,4.0,0.3652,0.0195,material x5.27; breaks_per_km x1.83; nearby_300m_decay x1.34
73,0cafbfec-336d-4926-92b1-61cee7869038,CI,1960,150,45.7493,1.0,8.0,0.364,0.0167,material x5.18; breaks_per_km x1.69; nearby_300m_decay x1.40
74,608229ef-9fa2-4949-9923-cd79472198b1,CI,1958,150,28.7065,1.0,2.0,0.3627,0.0104,material x5.40; breaks_per_km x1.90; nearby_300m_decay x1.29
75,cfabc467-9834-49c3-9491-dfc70909eee4,PDI,1971,250,84.2346,3.0,8.0,0.3623,0.0305,material x4.57; breaks_per_km x1.89; nearby_300m_decay x1.39
76,ceac8591-849c-4695-a230-a2905194f17d,CI,1961,150,76.5809,3.0,3.0,0.3623,0.0277,material x6.19; breaks_per_km x1.96; nearby_300m_decay x1.34
77,8b8adcf7-829d-4aa3-ba54-c74d08d34869,CI,1967,150,42.4072,2.0,2.0,0.3622,0.0154,material x5.98; breaks_per_km x1.95; years_since_break x1.34
78,7ff234dd-9fab-42e7-80d4-8d77527bf816,CI,1967,200,157.5977,6.0,4.0,0.3619,0.057,material x5.59; breaks_per_km x1.91; years_since_break x1.35
79,8b9dfebf-7824-4981-ae45-e5af60eefe31,DI,1970,150,18.9435,1.0,3.0,0.3619,0.0069,material x4.22; breaks_per_km x1.88; years_since_break x1.34
80,e2cd6549-d4a9-4399-8498-547eb6c71437,CI,1957,150,119.9708,7.0,5.0,0.3601,0.0432,material x5.53; breaks_per_km x1.78; nearby_300m_decay x1.42
81,9dfbd4ab-f92c-4bdc-9e1c-342122ef04a2,CI,1959,200,113.7404,5.0,11.0,0.3594,0.0409,material x5.33; breaks_per_km x1.77; nearby_300m_decay x1.48
82,b576cc82-c087-4bdc-944b-607fc10dcfc8,CI,1955,150,12.1539,1.0,3.0,0.3593,0.0044,material x5.35; breaks_per_km x1.79; nearby_300m_decay x1.43
83,12b4a9e2-572a-4f3f-8d29-c817cff213d2,CI,1966,150,78.2675,3.0,3.0,0.3582,0.028,material x5.89; breaks_per_km x1.84; nearby_300m_decay x1.29
84,7e4fc1ec-fc4e-4930-8924-2302fe1158ee,CI,1959,150,111.5407,4.0,5.0,0.358,0.0399,material x5.09; breaks_per_km x1.93; nearby_300m_decay x1.34
85,4472f7ea-02ce-47dd-bd3e-3301d5b05f40,CI,1949,100,36.1407,2.0,1.0,0.3578,0.0129,material x5.30; breaks_per_km x1.91; nearby_300m_decay x1.31
86,498eb4da-07a4-4252-9679-5f981f229107,CI,1964,100,22.9836,1.0,1.0,0.3577,0.0082,material x5.71; breaks_per_km x1.93; years_since_break x1.36
87,f8fbc114-4c51-4a6d-b2b5-de5e273a0b80,CI,1960,150,124.6403,5.0,5.0,0.3571,0.0445,material x5.08; breaks_per_km x1.91; nearby_300m_decay x1.34
88,d87a346c-8475-4b5c-9701-c3e94f69946c,CI,1958,150,46.8678,7.0,4.0,0.3566,0.0167,material x4.75; breaks_per_km x1.93; nearby_300m_decay x1.30
89,80c1d403-55e7-4460-b29e-2510ba53ce41,YDI,1976,250,151.5279,8.0,10.0,0.3564,0.054,material x3.42; breaks_per_km x2.10; years_since_break x1.48
90,d4ce1aaf-8bd8-425c-83b7-df6f9e769a0a,CI,1963,150,156.9656,5.0,4.0,0.3562,0.0559,material x5.61; breaks_per_km x1.88; years_since_break x1.32
91,7db03489-22af-4c86-abd6-6aa3645758c0,CI,1959,200,116.0597,4.0,0.0,0.3561,0.0413,material x5.48; breaks_per_km x2.03; years_since_break x1.43
92,f26d0c6c-c9c5-4886-8f93-44149ff7a845,CI,1960,100,69.1895,2.0,0.0,0.3547,0.0245,material x5.87; breaks_per_km x1.87; nearby_300m_decay x1.31
93,069b3a1e-eb44-4dfa-a845-edd60e442be6,CI,1956,150,126.8647,3.0,7.0,0.3539,0.0449,material x5.08; breaks_per_km x1.88; nearby_300m_decay x1.38
94,f6b68d0b-643b-4e37-b70a-11dc3ec7432c,CI,1964,200,101.5261,5.0,0.0,0.3537,0.0359,material x6.21; breaks_per_km x2.11; years_since_break x1.43
95,e87d0d4d-2f60-4a1f-ad07-7bc59ef03823,CI,1960,150,129.6051,4.0,4.0,0.3524,0.0457,material x4.98; breaks_per_km x1.95; years_since_break x1.35
96,44850bdf-10e4-4d96-97e9-e4e8a7a448a7,CI,1960,200,17.5738,1.0,1.0,0.3518,0.0062,material x5.41; breaks_per_km x2.00; years_since_break x1.34
97,d8d437fd-2f28-4e0c-9b6e-0dd9bff93e6b,CI,1960,150,88.7524,10.0,3.0,0.3506,0.0311,material x5.13; breaks_per_km x1.97; years_since_break x1.35
98,93242170-dc45-4c74-8018-a273037e50f9,CI,1956,100,161.8092,5.0,6.0,0.3502,0.0567,material x5.55; breaks_per_km x1.77; nearby_300m_decay x1.42
99,07cd8930-1d8f-4d8d-8356-38a5b0de83fb,PDI,1972,150,85.358,2.0,7.0,0.3495,0.0298,material x4.46; breaks_per_km x1.79; nearby_300m_decay x1.41
100,c6648714-fcfe-4e50-9d63-a8dc7119b725,CI,1958,150,208.8132,8.0,7.0,0.3495,0.073,material x5.49; breaks_per_km x1.92; nearby_300m_decay x1.36
101,8dd95afd-a11e-43c9-a68a-cce961ee8fa6,CI,1958,250,36.2073,1.0,2.0,0.3494,0.0126,material x4.77; breaks_per_km x1.81; log_length x1.33
102,a5a02dec-783a-4706-8e8a-210209d70cc0,CI,1964,200,71.5668,3.0,3.0,0.3492,0.025,material x5.17; breaks_per_km x1.92; years_since_break x1.31
103,c33e4f1e-a8b8-46e3-8b0e-1e7e5963fdd5,CI,1960,150,113.3115,2.0,3.0,0.3491,0.0396,material x5.13; breaks_per_km x1.78; years_since_break x1.35
104,3a6033ac-08e4-46f0-9b49-5309e49dae96,CI,1966,100,28.9436,3.0,1.0,0.3489,0.0101,material x5.61; breaks_per_km x2.00; years_since_break x1.36
105,d4188cd4-1fef-45a1-a886-2cfb0bd6d629,CI,1960,150,93.0435,3.0,5.0,0.3487,0.0324,material x5.45; breaks_per_km x1.80; nearby_300m_decay x1.41
106,a0bc9b77-fd27-4c29-ab91-1cbfb89a5c26,CI,1960,200,84.8786,4.0,0.0,0.3484,0.0296,material x5.55; breaks_per_km x2.01; nearby_300m_decay x1.34
107,ce9b2853-afbf-4018-acf5-7d45bd1d4bab,CI,1960,150,154.3386,4.0,7.0,0.3476,0.0536,material x5.30; breaks_per_km x1.80; nearby_300m_decay x1.37
108,394f557f-e0dc-4912-a73f-bcf3e464184d,CI,1959,100,124.3356,2.0,8.0,0.3475,0.0432,material x5.28; breaks_per_km x1.63; nearby_300m_decay x1.46
109,4e6af185-9f5a-4c01-b084-fc5367967668,CI,1960,150,93.5455,3.0,1.0,0.3473,0.0325,material x5.68; breaks_per_km x2.04; years_since_break x1.41
110,8b9b8209-528e-433d-adf1-23788705da5f,CI,1956,150,35.504,1.0,3.0,0.3469,0.0123,material x5.51; breaks_per_km x1.80; nearby_300m_decay x1.33
111,5f2bbeb1-a639-4caf-8396-a5b388d9e6cc,YDI,1979,200,33.8338,1.0,8.0,0.3468,0.0117,material x2.99; breaks_per_km x1.81; nearby_150m_decay x1.41
112,5b370a8a-9133-46c5-8109-0c8dc7e5bd06,CI,1962,200,88.3557,4.0,4.0,0.3462,0.0306,material x5.04; breaks_per_km x1.98; years_since_break x1.33
113,675dad9b-4881-4859-94fc-3ae6f4c68ee4,CI,1958,200,35.7158,1.0,1.0,0.346,0.0124,material x5.37; breaks_per_km x1.81; log_length x1.34
114,28df498a-748c-415b-b1eb-0919f6d81b28,CI,1962,200,86.766,7.0,3.0,0.346,0.03,material x5.09; breaks_per_km x1.94; nearby_300m_decay x1.34
115,f5ea0bec-915b-4b6c-a952-a26341741f38,PDI,1972,150,72.7732,3.0,2.0,0.3459,0.0252,material x4.56; breaks_per_km x1.92; nearby_300m_decay x1.44
116,54ee1a1f-833b-4d92-86d3-6a13e84f3914,CI,1960,200,103.7878,8.0,2.0,0.3457,0.0359,material x5.04; breaks_per_km x1.95; years_since_break x1.35
117,76ac6997-698f-4bcd-bf32-42291d5c6d6f,CI,1959,150,165.0011,7.0,4.0,0.3453,0.057,material x5.16; breaks_per_km x1.87; nearby_300m_decay x1.37
118,ac21c4fa-92eb-4bf7-86fe-3e6a44f3ff2c,CI,1958,150,230.2333,9.0,1.0,0.3451,0.0794,material x5.75; breaks_per_km x1.93; years_since_break x1.38
119,53d79321-c38a-4846-bdd2-a119336155ee,PDI,1972,150,36.7759,3.0,2.0,0.3449,0.0127,material x4.60; breaks_per_km x1.93; nearby_300m_decay x1.42
120,ef2e1651-fceb-4ba2-a46f-cfa13e672bf7,CI,1961,150,187.3304,4.0,5.0,0.3438,0.0644,material x5.09; breaks_per_km x1.86; years_since_break x1.36
121,9de5b62c-775c-4663-bdfd-abb9518625c4,PDI,1969,150,33.7949,1.0,1.0,0.3436,0.0116,material x4.46; breaks_per_km x1.87; years_since_break x1.40
122,f87fb464-e917-4a5b-8e62-82e7c2a9bd7b,CI,1961,200,126.6702,7.0,1.0,0.3435,0.0435,material x5.63; breaks_per_km x2.08; years_since_break x1.36
123,b3a6c23b-4ea8-4ee7-a460-e7a454d62700,CI,1960,150,46.4983,1.0,3.0,0.3435,0.016,material x4.61; breaks_per_km x1.83; years_since_break x1.31
124,952e9140-c058-4a7a-b4c5-61d33aa3617f,CI,1960,150,108.0686,3.0,1.0,0.3426,0.037,material x5.97; breaks_per_km x1.83; nearby_300m_decay x1.37
125,5efc6656-75dc-4dec-95c5-0fff6adf4a07,CI,1959,200,88.7436,3.0,0.0,0.342,0.0304,material x5.67; breaks_per_km x2.11; years_since_break x1.37
126,b212e2c9-80f5-46bf-a7c2-e2397b6ada0a,CI,1957,150,86.6199,3.0,1.0,0.3419,0.0296,material x5.25; breaks_per_km x1.94; years_since_break x1.32
127,0ce522e8-64df-4c0c-98ab-1fbfea4fbe92,DI,1968,150,43.3702,5.0,3.0,0.3419,0.0148,material x4.39; breaks_per_km x1.85; nearby_150m_decay x1.36
128,9451d4bb-19db-45b6-bb41-89236d1f9c23,CI,1958,150,150.4779,6.0,4.0,0.3415,0.0514,material x5.39; breaks_per_km x1.93; years_since_break x1.32
129,8056c754-0fb1-454c-a789-2879e8a79998,CI,1959,150,37.6238,2.0,5.0,0.3414,0.0128,material x4.73; breaks_per_km x1.89; nearby_300m_decay x1.32
130,d7a3bb7c-62b5-43a7-8e8c-fd2eedc878f2,CI,1957,150,10.8257,1.0,2.0,0.3403,0.0037,material x5.43; breaks_per_km x1.89; nearby_300m_decay x1.37
131,5952166f-9051-452e-b2dd-6e6fc320078e,CI,1954,150,16.864,2.0,4.0,0.3401,0.0057,material x4.50; breaks_per_km x1.82; nearby_300m_decay x1.31
132,d8433c82-9f8d-4a84-896b-20d3780fcbc0,CI,1962,200,89.5208,4.0,2.0,0.3397,0.0304,material x5.07; breaks_per_km x1.95; years_since_break x1.33
133,b3ce2cee-53e5-456d-a9a9-9e26b67f612a,CI,1956,150,50.452,3.0,5.0,0.3396,0.0171,material x4.82; breaks_per_km x1.85; nearby_300m_decay x1.33
134,8fd95880-f57c-4c62-a3e5-c052dec6630b,CI,1959,250,63.8553,1.0,11.0,0.3396,0.0217,material x5.04; breaks_per_km x1.63; nearby_300m_decay x1.40
135,3cf22ac0-ae1e-4966-ab0d-1135e5065dec,CI,1961,150,64.742,2.0,4.0,0.3394,0.022,material x5.31; breaks_per_km x1.92; years_since_break x1.31
136,d6dc1fcc-1e12-4b75-928c-6cc9cf3ee64d,CI,1960,150,56.6713,1.0,5.0,0.3388,0.0192,material x5.45; breaks_per_km x1.64; nearby_300m_decay x1.41
137,b96a7279-8dca-4db1-887a-966c6fd02251,PDI,1971,250,85.3197,4.0,6.0,0.3387,0.0289,material x4.54; breaks_per_km x1.92; nearby_300m_decay x1.37
138,01b3cefb-80d2-4bb2-8b61-18b5aff1c96c,CI,1961,150,35.6747,1.0,2.0,0.3387,0.0121,material x4.54; breaks_per_km x1.80; log_length x1.32
139,45b666bb-15e8-4b1b-a75d-76dc8d698bb8,CI,1958,100,59.3003,2.0,2.0,0.3386,0.0201,material x5.63; breaks_per_km x1.93; diameter x1.27
140,abbaf9cc-980a-4e2e-841c-657c4b3fccd6,CI,1960,200,58.796,1.0,3.0,0.3381,0.0199,material x5.16; breaks_per_km x1.69; nearby_300m_decay x1.32
141,6454d8a1-7441-4ed5-8afc-da0ce4debc36,YDI,1979,200,60.6795,1.0,7.0,0.3379,0.0205,material x3.47; breaks_per_km x1.77; nearby_150m_decay x1.42
142,a328cab3-35d9-42e8-8abc-78f929e0eac4,YDI,1976,150,240.2388,13.0,7.0,0.3378,0.0811,material x3.50; breaks_per_km x2.11; years_since_break x1.47
143,a19be5ea-25af-4b13-9fbe-fade0268dd55,CI,1967,200,94.9,3.0,0.0,0.3372,0.032,material x6.26; breaks_per_km x1.99; nearby_300m_decay x1.31
144,c2226852-0ac7-4bb7-873b-c2f889ad83e6,CI,1957,150,96.3124,3.0,5.0,0.3372,0.0325,material x4.92; breaks_per_km x1.95; years_since_break x1.36
145,e882a216-3d84-44e7-87f1-fc5c7e40f49f,CI,1964,150,149.4918,3.0,3.0,0.337,0.0504,material x5.89; breaks_per_km x1.71; nearby_300m_decay x1.40
146,4c8c59e1-4d5d-4eff-b0c7-56a893f3f242,CI,1959,150,67.2709,2.0,0.0,0.3366,0.0226,material x5.93; breaks_per_km x1.95; nearby_300m_decay x1.32
147,f25bc50d-920d-4ef5-ab8d-0b93a1e76efc,CI,1962,250,76.5482,3.0,3.0,0.336,0.0257,material x4.85; breaks_per_km x1.93; years_since_break x1.41
148,10555ef6-a125-48b3-9def-2b1f6671d406,CI,1960,150,169.0435,6.0,3.0,0.336,0.0568,material x5.22; breaks_per_km x2.05; years_since_break x1.36
149,c9262826-2ac5-4725-b025-5a4262ff54e9,CI,1960,200,20.5305,1.0,0.0,0.3359,0.0069,material x5.40; breaks_per_km x2.06; years_since_break x1.38
150,26a02b16-83cf-4304-b020-69c2ebd51d51,YDI,1979,150,92.0756,1.0,7.0,0.3353,0.0309,material x3.52; breaks_per_km x1.63; nearby_150m_decay x1.42
151,893c43e8-718c-408f-87ee-7f53c988b0c8,CI,1957,100,177.0848,4.0,4.0,0.335,0.0593,material x5.70; breaks_per_km x1.76; nearby_300m_decay x1.41
152,d21ad186-9a01-492d-bb24-d20047cc315f,CI,1959,200,78.728,3.0,7.0,0.3348,0.0264,material x5.37; breaks_per_km x1.79; nearby_300m_decay x1.42
153,974574b8-386f-4d22-bee6-9fc553e3fe05,TUDI,1976,150,108.3531,3.0,1.0,0.3347,0.0363,material x5.74; breaks_per_km x1.85; years_since_break x1.37
154,160a8c1f-4003-4b63-afcd-62948295b79f,CI,1965,150,103.6069,6.0,2.0,0.3339,0.0346,material x5.58; breaks_per_km x1.88; years_since_break x1.34
155,cf924da6-c3f8-4454-a1a5-5884eb99e5d7,PDI,1972,250,87.1654,3.0,3.0,0.3338,0.0291,material x4.45; breaks_per_km x1.88; nearby_300m_decay x1.38
156,52d8fcfe-6db7-4381-9a10-19ab712f5b40,PDI,1971,200,28.3366,2.0,3.0,0.3329,0.0094,material x3.92; breaks_per_km x1.85; nearby_300m_decay x1.36
157,fdf6aa12-9e54-489f-b7ce-9f545752cb98,CI,1967,150,42.0925,4.0,0.0,0.3327,0.014,material x6.08; breaks_per_km x2.10; years_since_break x1.39
158,8ad3210f-41e7-4b29-90f6-faece5f6afae,CI,1964,150,44.8354,5.0,1.0,0.3327,0.0149,material x5.88; breaks_per_km x1.98; years_since_break x1.34
159,744f6461-41ba-49a6-b74f-91334392cebf,CI,1957,200,152.8061,6.0,1.0,0.3323,0.0508,material x5.09; breaks_per_km x2.00; years_since_break x1.35
160,89a4bc5d-4b85-40df-b1f3-5ed15941ea42,CI,1957,150,125.3719,4.0,2.0,0.3322,0.0416,material x6.03; breaks_per_km x1.96; years_since_break x1.32
161,eecf7277-f035-4555-99bb-222d10314a6b,CI,1960,150,132.2855,4.0,8.0,0.332,0.0439,material x5.34; breaks_per_km x1.89; nearby_300m_decay x1.35
162,4c9fd6df-5990-4ca8-95f6-cd62e09a7798,CI,1957,150,51.4155,5.0,2.0,0.3319,0.0171,material x5.23; breaks_per_km x1.98; years_since_break x1.33
163,b89037a7-8bcc-401a-8875-70278cea05a0,PDI,1971,250,137.7785,5.0,4.0,0.3316,0.0457,material x4.65; breaks_per_km x1.79; nearby_300m_decay x1.57
164,9d9f4729-53be-464c-bd77-d21c6e13b5a5,CI,1957,150,107.7516,4.0,1.0,0.3307,0.0356,material x5.49; breaks_per_km x2.05; years_since_break x1.36
165,55df15b3-c1eb-46f8-8144-20831b236bb7,DI,1969,200,39.5649,3.0,0.0,0.3304,0.0131,material x4.94; breaks_per_km x2.01; years_since_break x1.42
166,fb0cecda-f31b-405b-94da-91e82d9069a6,CI,1960,150,36.4195,1.0,0.0,0.3303,0.012,material x5.39; breaks_per_km x1.85; log_length x1.31
167,2072a8f5-9078-4ac1-9783-8dcc79e5030d,CI,1962,150,106.0981,3.0,1.0,0.3303,0.035,material x5.81; breaks_per_km x1.82; nearby_300m_decay x1.37
168,15f4497c-fd53-43e3-8128-ebbb55509793,CI,1963,200,45.2985,2.0,3.0,0.3295,0.0149,material x5.00; breaks_per_km x1.91; years_since_break x1.32
